{"cameraMode":{"drawMode":0,"name":"Shaded","section":"Shading Mode"},"sceneLighting":false,"audioPlay":false,"sceneViewState":{"showFog":true,"showMaterialUpdate":false,"showSkybox":false,"showFlares":true,"showImageEffects":true,"showParticleSystems":true},"in2DMode":false,"pivot":{"x":-5.050000190734863,"y":0.25,"z":0.6499999761581421},"rotation":{"x":0.32562440633773806,"y":0.5466813445091248,"z":-0.243149995803833,"w":0.732110857963562},"size":0.34641003608703616,"orthographic":true}