{"cameraMode":{"drawMode":0,"name":"Shaded","section":"Shading Mode"},"sceneLighting":false,"audioPlay":false,"sceneViewState":{"showFog":true,"showMaterialUpdate":false,"showSkybox":false,"showFlares":true,"showImageEffects":true,"showParticleSystems":true},"in2DMode":false,"pivot":{"x":3.469845771789551,"y":0.8935271501541138,"z":-0.043539077043533328},"rotation":{"x":0.07570860534906388,"y":-0.05531179532408714,"z":0.0042061456479132179,"w":0.9955856204032898},"size":1.31100332736969,"orthographic":true}