{"cameraMode":{"drawMode":0,"name":"Shaded","section":"Shading Mode"},"sceneLighting":false,"audioPlay":false,"sceneViewState":{"showFog":true,"showMaterialUpdate":false,"showSkybox":false,"showFlares":true,"showImageEffects":true,"showParticleSystems":true},"in2DMode":false,"pivot":{"x":0.35600000619888308,"y":1.0240000486373902,"z":0.8529999852180481},"rotation":{"x":-0.014720238745212555,"y":-0.936634361743927,"z":0.34774813055992129,"w":-0.03964817896485329},"size":0.04330124706029892,"orthographic":true}