{"cameraMode":{"drawMode":0,"name":"Shaded","section":"Shading Mode"},"sceneLighting":false,"audioPlay":false,"sceneViewState":{"showFog":true,"showMaterialUpdate":false,"showSkybox":false,"showFlares":true,"showImageEffects":true,"showParticleSystems":true},"in2DMode":false,"pivot":{"x":0.0,"y":0.10000000149011612,"z":-1.190000057220459},"rotation":{"x":0.38271254301071169,"y":0.06919163465499878,"z":-0.028757309541106225,"w":0.9208251237869263},"size":0.17320509254932404,"orthographic":true}